{
  "feature_columns": [
    "interval_seconds",
    "cpu_percent",
    "memory_percent",
    "swap_percent",
    "process_count",
    "user_process_count",
    "new_process_count",
    "thread_count",
    "open_file_count",
    "connection_count",
    "established_count",
    "listen_count",
    "remote_ip_count",
    "remote_port_count",
    "uncommon_remote_port_count",
    "bytes_sent_per_sec",
    "bytes_recv_per_sec",
    "packets_sent_per_sec",
    "packets_recv_per_sec"
  ],
  "threshold": 1.776073054817808,
  "training_errors": [
    0.4876689921831505,
    0.656678933028801,
    1.025339389910475,
    0.8778112432311914,
    0.5658345902194768,
    0.6300954005497643,
    0.9629990009824143,
    0.40815787866697895,
    0.5090631664661359,
    0.4715671207403133,
    1.4776154373122419,
    0.8985392251761147,
    1.3532792792303183,
    0.4817680578430411,
    1.3492990571945096,
    0.358812048863534,
    0.2609671188089957,
    0.9041226596963248,
    0.7310681498826385,
    0.7438288475488681,
    0.5665023787254966,
    1.5396109241142917,
    1.0147159352843003,
    0.9379233125769731,
    1.227738230927396,
    0.9777554081517966,
    0.8511686790010929,
    1.2068721269316363,
    0.29042261054886603,
    1.0931591055277365,
    0.6896737817083413,
    1.0933659579259745,
    1.3565755100114156,
    0.416346808091891,
    0.8886497548157761,
    1.3908610348157433,
    0.7842105893094664,
    0.8481081730966437,
    1.583687622304937,
    1.2454786822427775,
    1.0156697074966041,
    0.7446229477583574,
    0.5560797090855659,
    0.7201446691317447,
    1.2796921148885765,
    0.3270162389716776,
    0.9041017612915051,
    0.6467057003159264,
    0.46156575167276503,
    1.056334762055435,
    0.5046283077462614,
    0.34741266708298296,
    0.8236184184114919,
    0.4218232127763482,
    1.3062107079583252,
    1.6193939830479105,
    1.0490370070838995,
    0.44145877452710974,
    0.7713253333267653,
    0.6444669437770374,
    0.9393196227716194,
    0.6870124414056029,
    0.5256406488536808,
    0.5597634462183315,
    1.1200766158891389,
    0.6476451447769062,
    0.6906392303629282,
    0.7080026640950692,
    0.7725160964479034,
    1.097538368221907,
    1.390974716487837,
    1.4670453308516018,
    0.8290312666111718,
    1.3075237617628217,
    1.0713232186146566,
    0.5816452807142894,
    0.7366766845833247,
    1.2983908727304587,
    1.4413288500766126,
    1.1422247434280148,
    0.5634447891498205,
    0.6893411058556592,
    0.958782054974909,
    0.5785460877069112,
    0.5715968995788261,
    0.8047404480970706,
    0.613375617262478,
    0.9173639845308897,
    0.9370355610510822,
    0.9222866541728685,
    1.1707587856401551,
    0.8222768466175147,
    1.277188623701127,
    1.116491938108313,
    0.6829053413886238,
    0.6396729682676615,
    1.4698240292826177,
    0.9533822687035974,
    0.938635294535411,
    1.0643784162070815,
    0.7612958126672911,
    0.8707802315008576,
    0.5993887638254713,
    0.696982130684059,
    1.1181924479054195,
    1.0685588225403397,
    0.8962324138094931,
    1.6680516079560785,
    0.49480063642047023,
    0.7013108127107518,
    1.0182572146324518,
    0.7016445300615125,
    0.39245706282794135,
    0.9702901393049225,
    1.3972483703526313,
    0.9409418952486561,
    0.7307502791950693,
    0.4748153348883535,
    2.058520150806858,
    0.31188345714204785,
    0.6470476259695933,
    1.2746012515694234,
    0.5107326182645257,
    0.4544734410030208,
    0.8963760707798525,
    1.1688307483117406,
    0.47699733498786784,
    0.2751750889775667,
    1.8193740832731427,
    0.5191639978973217,
    0.7899221166686362,
    0.8453512094000747,
    0.8499929351221456,
    0.9844792183567396,
    0.9434992338140212,
    1.3874191158536684,
    1.0842767164423142,
    0.513735981284922,
    0.937144669199676,
    0.9853480509510784,
    0.6132468218396144,
    0.34861000722908475,
    1.0905069683462918,
    0.8477016997033154,
    0.6683760090792222,
    0.977736375360926,
    0.6514491751435384,
    0.719783915721484,
    1.273660064585648,
    0.7719101567675214,
    0.6522767392113219,
    0.7176787707241818,
    0.9433045356006192,
    0.9509875849565728,
    0.7445982576556337,
    1.2004420344234945,
    1.269229572306273,
    0.5098209831253231,
    1.8264521870046988,
    0.5718930364922855,
    1.4607313481126047,
    1.0053540255393052,
    0.7004163036891601,
    0.826582106900649,
    0.9022856960095132,
    0.6912576998844085,
    0.8929823000603573,
    0.9187856073728703,
    0.7372435478586936,
    0.5802877945822847,
    0.23741942101560684,
    0.7029575489819266,
    0.6774953121631122,
    0.8735355153939599,
    0.8713131246854688,
    1.1848837834990602,
    1.6296979898502872,
    0.474465503549658,
    0.5776461360493153,
    1.3984905656455826,
    0.36956388953384983,
    1.4152560325149797,
    0.906061566008197,
    0.9757466609500599,
    0.9050619104602702,
    1.4206201446102,
    0.7310381293468655,
    1.088121338007444,
    1.7083458051825455,
    1.3762275000323587,
    1.3169720404525416,
    0.46181406974606215,
    0.5538498165663399,
    0.23523717090155016,
    1.0940748770168955,
    1.0820496725157591,
    0.6301187136097384,
    1.1572028089447552,
    0.765895134473541,
    1.5242387501627166,
    0.865269144301868,
    0.902762884481632,
    0.7960857629409976,
    0.7501136837120309,
    0.5838266557084331,
    0.545850948256418,
    0.5195023761478179,
    0.6733064012212888,
    1.1271006254275815,
    1.1275604973290776,
    1.0005258219885822,
    0.9425178432808544,
    0.8452008379768597,
    1.0517005259952594,
    0.9988937941867665,
    0.7387949451105884,
    0.8486705191131921,
    1.2078350424794555,
    0.9063833925434469,
    0.6109098857916848,
    0.8284225952125495,
    0.4998656247301434,
    0.47710371627288284,
    0.8083819734511365,
    0.8613002221519324,
    0.5250905084222601,
    0.5322565120261609,
    1.0238993884423664,
    0.9414333254831398,
    0.5972914565486453,
    1.1857237096793356,
    1.3212029777841683,
    0.791577143726227,
    1.2336524570716056,
    0.6645092174354928,
    0.9316918977421209,
    0.9437393795017501,
    0.848608164210455,
    1.2529766696997124,
    1.5097499001920383
  ],
  "normalizer": {
    "mean": [
      5.0,
      17.59948608769785,
      55.059354290225386,
      7.821642849669308,
      145.1909626088225,
      119.99274689094689,
      0.9958333333333333,
      1701.4619886779242,
      87.68691811778345,
      35.05213499606645,
      11.742619021456552,
      18.065765646767908,
      7.069012918723122,
      5.042940546156645,
      0.5291666666666667,
      8856.40245636533,
      17820.35781615316,
      35.30588982991345,
      46.71685650769142
    ],
    "std": [
      1.0,
      4.981857508975959,
      3.602028626941979,
      1.9951497136271776,
      6.314568276236751,
      4.704399919604299,
      0.9464755528920019,
      77.94704761475901,
      18.1644460078899,
      4.956235457913172,
      2.9016004822426504,
      2.1380127703231895,
      2.0910253427924204,
      1.0152965427362965,
      0.6448379426043586,
      2483.694207621694,
      3663.1615622775607,
      8.036313090924876,
      10.272619071465195
    ]
  },
  "threat_classifier": {
    "labels": [
      "data_exfiltration",
      "c2_or_remote_access",
      "port_tunneling_or_policy_bypass",
      "process_execution_burst",
      "resource_abuse"
    ],